n,field_bits,center_fraction,target_density,algebra_index,seed,realized_density,keygen_mean_ms,sign_mean_ms,verify_mean_ms,matrix_mean_ms,solve_mean_ms,attack_mean_ms,mean_rank,mean_nullity,dense_structure_bytes,sparse_structure_bytes
16,61,0.25,0.35,0,7153291115821242926,0.2878787878787879,0.02911,0.03307,0.02872,0.07328,0.11558,0.18886,4,12,2112,646
16,61,0.25,0.35,1,7153291115821242927,0.3181818181818182,0.03078,0.03391,0.0304,0.07827,0.10739,0.18566,4,12,2112,714
16,61,0.25,0.35,2,7153291115821242928,0.3939393939393939,0.03701,0.04102,0.03611,0.09274,0.11071,0.20345,4,12,2112,884
16,61,0.25,0.35,3,7153291115821242929,0.3484848484848485,0.03581,0.0646,0.041,0.10211,0.13019,0.2323,4,12,2112,782
16,61,0.25,0.35,4,7153291115821242930,0.25757575757575757,0.02739,0.037040000000000003,0.027379999999999998,0.06653,0.11017,0.1767,4,12,2112,578
16,61,0.25,0.35,5,7153291115821242931,0.2878787878787879,0.028059999999999998,0.03204,0.02809,0.06951,0.11827,0.18778,4,12,2112,646
16,61,0.25,0.35,6,7153291115821242932,0.2727272727272727,0.02714,0.03073,0.02714,0.07816000000000001,0.10761,0.18577,4,12,2112,612
16,61,0.25,0.35,7,7153291115821242933,0.3333333333333333,0.03264,0.03644,0.03193,0.08138,0.10855000000000001,0.18993,4,12,2112,748
16,61,0.25,0.35,8,7153291115821242934,0.42424242424242425,0.0375,0.041319999999999996,0.03773,0.0968,0.11118,0.20798,4,12,2112,952
16,61,0.25,0.35,9,7153291115821242935,0.3333333333333333,0.03184,0.03504,0.03195,0.08044,0.11152000000000001,0.19196000000000002,4,12,2112,748
32,61,0.25,0.35,0,109898876835746619,0.3079710144927536,0.199,0.18388,0.15994,0.50015,0.48169,0.98184,8,24,17664,5610
32,61,0.25,0.35,1,109898876835746620,0.39492753623188404,0.17799,0.18213000000000001,0.18687,0.59952,0.5063799999999999,1.1058999999999999,8,24,17664,7194
32,61,0.25,0.35,2,109898876835746621,0.3333333333333333,0.15878,0.16336,0.15556999999999999,0.53144,0.44889,0.98033,8,24,17664,6072
32,61,0.25,0.35,3,109898876835746622,0.42028985507246375,0.19918,0.20666,0.19487,0.66834,0.46181,1.13015,8,24,17664,7656
32,61,0.25,0.35,4,109898876835746623,0.41304347826086957,0.19176,0.20243,0.18984,0.65155,0.46460999999999997,1.11616,8,24,17664,7524
32,61,0.25,0.35,5,109898876835746624,0.3804347826086957,0.17757,0.18128,0.16618,0.65678,0.47636,1.13314,8,24,17664,6930
32,61,0.25,0.35,6,109898876835746625,0.4166666666666667,0.2912,0.28045,0.31324,1.09308,0.64461,1.73769,8,24,17664,7590
32,61,0.25,0.35,7,109898876835746626,0.358695652173913,0.18133,0.18917,0.17413,0.61536,0.50798,1.12334,8,24,17664,6534
32,61,0.25,0.35,8,109898876835746627,0.35507246376811596,0.18058000000000002,0.17874,0.16792,0.5945,0.47792,1.07242,8,24,17664,6468
32,61,0.25,0.35,9,109898876835746628,0.33695652173913043,0.20094,0.19905,0.18474000000000002,0.66295,0.77813,1.44108,8,24,17664,6138
64,61,0.25,0.35,0,6096456345256783192,0.35106382978723405,1.10383,1.13513,1.17333,4.43036,2.64481,7.07517,16,48,144384,51480
64,61,0.25,0.35,1,6096456345256783193,0.3625886524822695,1.21177,1.17555,1.11545,4.40841,3.01911,7.4275199999999995,16,48,144384,53170
64,61,0.25,0.35,2,6096456345256783194,0.32180851063829785,1.2326,1.24441,1.03277,4.16659,2.96387,7.13046,16,48,144384,47190
64,61,0.25,0.35,3,6096456345256783195,0.3404255319148936,1.1708100000000001,1.21308,1.05164,4.11214,2.76197,6.87411,16,48,144384,49920
64,61,0.25,0.35,4,6096456345256783196,0.3546099290780142,1.21529,1.14408,1.22172,4.47668,2.7317400000000003,7.20842,16,48,144384,52000
64,61,0.25,0.35,5,6096456345256783197,0.35106382978723405,1.13349,1.17511,1.2039900000000001,4.52959,2.69084,7.2204299999999995,16,48,144384,51480
64,61,0.25,0.35,6,6096456345256783198,0.3519503546099291,1.1038999999999999,1.13401,1.0891600000000001,4.3834599999999995,2.64248,7.025939999999999,16,48,144384,51610
64,61,0.25,0.35,7,6096456345256783199,0.3617021276595745,1.14038,1.14411,1.16557,4.30522,2.85128,7.156499999999999,16,48,144384,53040
64,61,0.25,0.35,8,6096456345256783200,0.35815602836879434,1.32931,1.23094,1.14695,4.3194799999999995,2.67736,6.99684,16,48,144384,52520
64,61,0.25,0.35,9,6096456345256783201,0.34397163120567376,1.08026,1.23221,1.16169,4.13233,2.70164,6.83397,16,48,144384,50440
128,61,0.25,0.35,0,1249425081071782293,0.3581140350877193,8.27899,8.89762,8.31392,33.985839999999996,18.651699999999998,52.63754,32,96,1167360,421314
128,61,0.25,0.35,1,1249425081071782294,0.3539473684210526,7.99322,8.02119,7.9366900000000005,32.23532,18.27196,50.50728,32,96,1167360,416412
128,61,0.25,0.35,2,1249425081071782295,0.3607456140350877,8.388,8.58767,8.448039999999999,33.93187,18.398220000000002,52.33009,32,96,1167360,424410
128,61,0.25,0.35,3,1249425081071782296,0.3526315789473684,8.23002,8.14098,7.90587,32.74002,18.20368,50.9437,32,96,1167360,414864
128,61,0.25,0.35,4,1249425081071782297,0.34035087719298246,8.199770000000001,8.24203,8.02055,32.735,18.79514,51.53014,32,96,1167360,400416
128,61,0.25,0.35,5,1249425081071782298,0.3460526315789474,8.156,8.16224,7.9148000000000005,32.526379999999996,18.4055,50.93188,32,96,1167360,407124
128,61,0.25,0.35,6,1249425081071782299,0.3526315789473684,8.04977,8.288359999999999,7.88855,32.067640000000004,17.79588,49.86352,32,96,1167360,414864
128,61,0.25,0.35,7,1249425081071782300,0.3385964912280702,8.1628,8.37426,7.91747,32.24673,18.54875,50.79548,32,96,1167360,398352
128,61,0.25,0.35,8,1249425081071782301,0.35328947368421054,8.58293,8.71231,8.49284,34.35153,19.04705,53.39858,32,96,1167360,415638
128,61,0.25,0.35,9,1249425081071782302,0.35482456140350876,8.60969,8.70242,8.41338,34.49362,19.30289,53.79651,32,96,1167360,417444
